segment,customers,avg_predicted_LTV,avg_total_spend,avg_freq
Low,2587,278.58636,558.5108322381136,2.035948975647468
Medium,1293,1298.9722,2028.6628430007734,5.3503480278422275
High,431,11055.247,11697.277946635731,16.17633410672854
